[
    {
        "id": 1,
        "name":" Jaapi",
        "price": 499,
        "image": "image/1.png"
    },
    {
        "id": 2,
        "name":" Dhol",
        "price": 1599,
        "image": "image/2.png"
    },
    {
        "id": 3,
        "name":" Assamese jewellery",
        "price": 5900,
        "image": "image/3.png"
    },
    {
        "id": 4,
        "name":" Pepa",
        "price": 599,
        "image": "image/4.png"
    },
    {
        "id": 5,
        "name":" Mekhela sador",
        "price": 1299,
        "image": "image/5.png"
    },
    {
        "id": 6,
        "name":" Pepa",
        "price": 999,
        "image": "image/6.png"
    },
    {
        "id": 7,
        "name":" Khaloi",
        "price": 299,
        "image": "image/7.png"
    },
    {
        "id": 8,
        "name":" Xorai",
        "price": 2000,
        "image": "image/8.png"
    }

]